[
    {
      "Punjab": {
        "playerID": [192, 1, 103, 29],
        "runs": [8, 14, 9, 8],
        "wickets": [1, 1, 5, 2],
        "catches": [1, 1, 0, 0]
      },
      "Mumbai": {
        "playerID": [81, 113, 53, 141],
        "runs": [10, 3, 8, 8],
        "wickets": [1, 3, 3, 2],
        "catches": [0, 0, 0, 1]
      }
    },
    {
      "Chennai": {
        "playerID": [191, 151, 176, 84],
        "runs": [11, 8, 9, 9],
        "wickets": [3, 0, 1, 2],
        "catches": [0, 1, 1, 0]
      },
      "Hyderabad": {
        "playerID": [95, 124, 4, 168],
        "runs": [8, 8, 9, 8],
        "wickets": [0, 1, 1, 6],
        "catches": [0, 0, 2, 1]
      }
    },
    {
      "Punjab": {
        "playerID": [79, 19, 127, 110],
        "runs": [15, 13, 11, 13],
        "wickets": [2, 1, 4, 3],
        "catches": [0, 2, 1, 1]
      },
      "Chennai": {
        "playerID": [37, 38, 109, 36],
        "runs": [8, 9, 10, 15],
        "wickets": [2, 3, 2, 4],
        "catches": [1, 0, 2, 0]
      }
    },
    {
      "Hyderabad": {
        "playerID": [113, 125, 59, 22],
        "runs": [10, 13, 11, 10],
        "wickets": [0, 0, 5, 3],
        "catches": [1, 1, 2, 2]
      },
      "Punjab": {
        "playerID": [124, 93, 48, 193],
        "runs": [6, 16, 13, 18],
        "wickets": [2, 4, 4, 3],
        "catches": [0, 0, 1, 1]
      }
    },
    {
      "Mumbai": {
        "playerID": [159, 50, 40, 119],
        "runs": [9, 9, 13, 12],
        "wickets": [2, 2, 2, 3],
        "catches": [1, 2, 2, 0]
      },
      "Chennai": {
        "playerID": [86, 130, 2, 54],
        "runs": [8, 10, 12, 14],
        "wickets": [1, 2, 1, 0],
        "catches": [0, 1, 2, 1]
      }
    },
    {
      "Hyderabad": {
        "playerID": [158, 84, 100, 43],
        "runs": [8, 7, 7, 19],
        "wickets": [3, 3, 2, 0],
        "catches": [1, 1, 1, 1]
      },
      "Mumbai": {
        "playerID": [108, 36, 185, 50],
        "runs": [5, 15, 11, 15],
        "wickets": [2, 3, 5, 2],
        "catches": [2, 3, 0, 2]
      }
    }
]